Timestamp,Temperature,Humidity,Pressure,Dew Point,Precip,Radiation,UV Index,Wind Speed,Wind Dir,Wind Gust
2026-10-06 15:19:39-03:00,21.0,86.0,927.29,18.6,0.79,74.0,0.0,1.4,337.0,1.8
2026-10-06 15:30:20-03:00,21.2,87.0,927.5,19.0,0.79,45.7,0.0,3.6,330.0,3.6
2026-10-06 15:35:48-03:00,21.1,87.0,927.19,18.9,0.79,42.8,0.0,0.0,330.0,1.8
2026-10-06 15:43:08-03:00,21.1,87.0,927.09,18.9,0.79,62.9,0.0,0.7,314.0,1.8
2026-10-06 15:53:53-03:00,21.1,86.0,926.99,18.7,0.79,97.3,0.0,2.9,269.0,9.4
2026-10-06 15:59:30-03:00,21.1,86.0,927.09,18.7,0.79,150.5,1.0,5.4,341.0,7.2
2026-10-06 16:06:00-03:00,21.2,86.0,927.09,18.8,0.79,140.6,1.0,0.4,338.0,5.4
2026-10-06 16:15:14-03:00,21.5,85.0,927.19,18.9,0.79,110.3,1.0,4.3,336.0,7.2
2026-10-06 16:33:27-03:00,21.6,83.0,927.09,18.6,0.79,72.0,0.0,4.3,314.0,7.2
2026-10-06 16:38:36-03:00,21.5,84.0,927.19,18.7,0.79,68.3,0.0,4.7,331.0,5.4
2026-10-06 16:51:44-03:00,21.6,85.0,927.5,19.0,0.79,39.1,0.0,0.0,327.0,3.6
2026-10-06 17:03:44-03:00,21.5,86.0,927.6,19.1,0.79,64.5,0.0,1.1,30.0,1.8
2026-10-06 17:20:30-03:00,21.7,86.0,927.5,19.3,0.79,40.4,0.0,0.0,341.0,0.0
2026-10-06 17:29:01-03:00,21.6,85.0,927.6,19.0,0.79,29.8,0.0,1.4,344.0,1.8
2026-10-06 17:32:08-03:00,21.6,85.0,927.6,19.0,0.79,24.2,0.0,0.0,338.0,0.0
2026-10-06 17:41:16-03:00,21.7,86.0,927.6,19.3,0.79,15.7,0.0,0.0,35.0,0.0
2026-10-06 17:58:47-03:00,21.4,87.0,927.8,19.2,0.79,6.7,0.0,2.5,104.0,1.8
2026-10-06 18:06:29-03:00,21.4,87.0,927.6,19.2,0.79,1.4,0.0,0.0,97.0,1.8
2026-10-06 18:15:17-03:00,21.5,87.0,927.5,19.3,0.79,0.3,0.0,0.0,62.0,3.6
2026-10-06 18:19:01-03:00,21.5,88.0,927.5,19.5,0.79,0.1,0.0,0.0,65.0,0.0
2026-10-06 18:36:24-03:00,20.1,91.0,927.8,18.6,0.79,0.0,0.0,11.5,159.0,13.0
2026-10-06 18:45:58-03:00,19.9,92.0,927.9,18.6,0.79,0.0,0.0,8.6,158.0,11.2
2026-10-06 18:53:08-03:00,19.9,92.0,928.01,18.6,0.79,0.0,0.0,4.3,180.0,11.2
2026-10-06 19:21:53-03:00,19.6,92.0,928.11,18.3,0.79,0.0,0.0,3.6,173.0,7.2
2026-10-06 19:40:24-03:00,19.6,92.0,928.41,18.3,0.79,0.0,0.0,2.9,157.0,5.4
2026-10-06 19:44:28-03:00,19.6,92.0,928.11,18.3,0.79,0.0,0.0,4.7,165.0,5.4
2026-10-06 19:48:11-03:00,19.6,92.0,928.01,18.3,0.79,0.0,0.0,4.7,149.0,7.2
2026-10-06 19:52:02-03:00,19.6,93.0,928.11,18.5,0.79,0.0,0.0,0.0,173.0,1.8
2026-10-06 19:59:59-03:00,19.6,93.0,928.41,18.5,0.79,0.0,0.0,4.3,216.0,5.4
2026-10-06 20:13:52-03:00,19.5,92.0,928.31,18.2,0.79,0.0,0.0,3.6,209.0,7.2
2026-10-06 20:29:48-03:00,19.5,93.0,928.41,18.4,0.79,0.0,0.0,2.9,146.0,3.6
2026-10-06 20:48:33-03:00,19.3,93.0,928.51,18.2,0.79,0.0,0.0,1.4,148.0,1.8
2026-10-06 20:54:31-03:00,19.3,93.0,928.41,18.2,0.79,0.0,0.0,1.1,126.0,5.4
2026-10-06 21:05:49-03:00,19.1,94.0,928.62,18.1,0.79,0.0,0.0,4.3,169.0,7.2
2026-10-06 21:13:32-03:00,19.1,94.0,928.51,18.1,0.79,0.0,0.0,1.1,222.0,5.4
2026-10-06 21:38:55-03:00,19.0,94.0,928.72,18.0,0.79,0.0,0.0,0.0,166.0,1.8
2026-10-06 21:51:25-03:00,19.0,94.0,928.31,18.0,0.79,0.0,0.0,1.8,184.0,5.4
2026-10-06 22:00:42-03:00,19.0,94.0,928.51,18.0,0.79,0.0,0.0,0.4,207.0,1.8
2026-10-06 22:11:23-03:00,19.0,94.0,928.51,18.0,0.79,0.0,0.0,3.2,195.0,5.4
2026-10-06 22:31:17-03:00,19.0,94.0,928.41,18.0,0.79,0.0,0.0,1.4,183.0,1.8
2026-10-06 22:41:54-03:00,19.0,94.0,928.62,18.0,0.79,0.0,0.0,0.0,180.0,0.0
2026-10-06 22:49:24-03:00,19.0,94.0,928.51,18.0,0.79,0.0,0.0,1.1,180.0,1.8
2026-10-06 22:51:58-03:00,19.0,94.0,928.41,18.0,0.79,0.0,0.0,0.4,193.0,1.8
2026-10-06 23:19:22-03:00,18.9,95.0,928.31,18.1,0.79,0.0,0.0,0.0,183.0,0.0
2026-10-06 23:29:54-03:00,18.9,95.0,928.01,18.1,0.79,0.0,0.0,1.8,218.0,1.8
2026-10-06 23:41:05-03:00,18.9,95.0,927.7,18.1,0.79,0.0,0.0,0.0,178.0,0.0
2026-10-07 00:24:12-03:00,19.0,96.0,928.01,18.4,0.79,0.0,0.0,0.0,152.0,0.0
2026-10-07 02:56:33-03:00,19.3,95.0,926.11,18.5,4.09,0.0,0.0,0.0,326.0,3.6
2026-10-07 03:18:57-03:00,19.3,95.0,926.11,18.5,4.09,0.0,0.0,3.2,335.0,5.4
2026-10-07 03:25:54-03:00,19.3,95.0,926.31,18.5,4.09,0.0,0.0,1.8,326.0,7.2
2026-10-07 03:45:33-03:00,19.5,93.0,926.21,18.4,4.09,0.0,0.0,0.0,335.0,1.8
2026-10-07 04:14:54-03:00,19.3,93.0,926.21,18.2,4.09,0.0,0.0,0.7,308.0,9.4
2026-10-07 04:25:40-03:00,19.3,92.0,926.11,18.0,4.09,0.0,0.0,4.0,189.0,7.2
2026-10-07 04:42:33-03:00,19.2,93.0,926.01,18.1,4.09,0.0,0.0,4.7,251.0,9.4
2026-10-07 05:01:32-03:00,19.1,90.0,925.8,17.4,4.09,0.0,0.0,1.4,209.0,9.4
2026-10-07 05:43:45-03:00,19.1,89.0,926.58,17.3,4.09,2.2,0.0,1.1,310.0,9.4
2026-10-07 05:59:23-03:00,19.0,90.0,926.58,17.3,4.09,8.9,0.0,4.3,356.0,5.4
2026-10-07 06:13:52-03:00,18.9,91.0,926.69,17.4,4.09,42.3,0.0,0.0,265.0,0.0
2026-10-07 06:31:29-03:00,19.1,89.0,926.99,17.3,4.09,89.9,0.0,1.4,324.0,3.6
2026-10-07 07:20:07-03:00,19.6,87.0,928.21,17.4,4.09,165.7,1.0,7.2,257.0,11.2
2026-10-07 07:26:31-03:00,19.8,87.0,928.21,17.6,4.09,142.0,1.0,9.7,276.0,13.0
2026-10-07 07:34:43-03:00,19.7,87.0,928.21,17.5,4.09,155.7,1.0,4.0,261.0,9.4
2026-10-07 07:53:44-03:00,19.6,87.0,928.51,17.4,4.09,172.6,1.0,1.1,269.0,1.8
2026-10-07 08:03:57-03:00,19.8,86.0,928.72,17.4,4.09,173.3,1.0,2.2,246.0,3.6
2026-10-07 08:13:21-03:00,19.5,86.0,928.78,17.1,4.09,297.2,2.0,3.6,301.0,3.6
2026-10-07 08:20:27-03:00,20.1,85.0,928.78,17.5,4.09,227.6,2.0,6.1,280.0,9.4
2026-10-07 08:28:32-03:00,19.9,85.0,928.78,17.3,4.09,266.5,2.0,4.0,263.0,7.2
2026-10-07 08:47:45-03:00,19.7,85.0,929.09,17.1,4.09,345.6,3.0,0.4,267.0,1.8
2026-10-07 08:59:16-03:00,20.2,83.0,929.29,17.2,4.09,763.4,7.0,1.8,261.0,7.2
2026-10-07 10:08:42-03:00,22.2,75.0,929.29,17.6,4.09,537.7,5.0,5.4,194.0,7.2
2026-10-07 10:26:54-03:00,22.3,74.0,929.19,17.5,4.09,531.2,5.0,9.4,293.0,11.2
2026-10-07 10:41:20-03:00,22.0,74.0,928.99,17.2,4.09,466.7,4.0,1.1,197.0,5.4
2026-10-07 10:55:54-03:00,22.7,71.0,929.09,17.2,4.09,631.3,6.0,7.9,295.0,11.2
2026-10-07 11:00:25-03:00,23.0,71.0,928.89,17.5,4.09,753.4,7.0,4.3,273.0,9.4
2026-10-07 11:30:29-03:00,24.0,68.0,928.78,17.8,4.09,1343.8,13.0,5.8,289.0,16.6
2026-10-07 11:40:09-03:00,23.4,71.0,928.99,17.9,4.09,380.4,3.0,5.8,139.0,11.2
2026-10-07 12:40:40-03:00,23.6,71.0,928.31,18.1,4.09,349.4,3.0,15.5,170.0,22.0
2026-10-07 12:45:53-03:00,23.1,74.0,928.11,18.2,4.09,434.6,4.0,7.9,245.0,13.0
2026-10-07 13:25:29-03:00,22.4,76.0,928.01,18.0,4.09,211.9,2.0,4.3,149.0,13.0
2026-10-07 13:43:38-03:00,23.2,72.0,927.7,17.9,4.09,889.8,8.0,6.5,131.0,13.0
2026-10-07 14:09:03-03:00,23.7,71.0,927.4,18.2,4.09,958.9,9.0,6.8,241.0,22.0
2026-10-07 14:26:25-03:00,23.3,72.0,927.5,18.0,4.09,935.0,9.0,3.6,207.0,16.6
2026-10-07 14:28:53-03:00,23.7,71.0,927.5,18.2,4.09,359.3,3.0,10.4,252.0,14.8
2026-10-07 14:32:44-03:00,23.7,71.0,927.7,18.2,4.09,850.9,8.0,3.2,202.0,16.6
2026-10-07 14:34:09-03:00,23.4,71.0,927.5,17.9,4.09,717.3,6.0,11.2,200.0,18.4
2026-10-07 14:49:34-03:00,23.3,73.0,927.5,18.2,4.09,599.2,5.0,5.4,174.0,14.8
2026-10-07 14:57:19-03:00,22.1,74.0,927.19,17.3,4.09,655.8,6.0,22.0,188.0,31.3
2026-10-07 14:59:58-03:00,22.1,75.0,927.6,17.5,4.09,639.9,6.0,5.4,181.0,22.0
